date,cpi,bbk_gdp,spx,ndx,btc,cpi_yoy,bbk_gdp_yoy,cpi_yoy_lagged,bbk_gdp_yoy_lagged,spx_return,ndx_return,btc_return,market_regime
2000-02-01,170.0,0.42083166645154035,,3701.78,,3.2179720704310855,0.42083166645154035,2.792956891317555,-1.46726346772759,,-0.0016316821429245287,,Stagflation
2000-03-01,171.0,8.858257691648284,,4309.01,,3.762135922330101,8.858257691648284,3.2179720704310855,0.42083166645154035,,0.16403730097412605,,Stagflation
2000-04-01,170.9,10.795610177919057,,4397.84,,3.013863773357439,10.795610177919057,3.762135922330101,8.858257691648284,,0.020614944035868943,,Inflation
2000-05-01,171.2,6.119279075661582,,3829.84,,3.1325301204819134,6.119279075661582,3.013863773357439,10.795610177919057,,-0.12915431211685735,,Inflation
2000-06-01,172.2,2.223855270924363,,3518.98,,3.7349397590361377,2.223855270924363,3.1325301204819134,6.119279075661582,,-0.08116788168696343,,Inflation
2000-07-01,172.7,-3.1402456087802957,,3763.79,,3.5992801439711952,-3.1402456087802957,3.7349397590361377,2.223855270924363,,0.06956845449533677,,Inflation
2000-08-01,172.7,-1.0440979362624572,,3521.15,,3.3512866546977715,-1.0440979362624572,3.5992801439711952,-3.1402456087802957,,-0.06446693359618894,,Stagflation
2000-09-01,173.6,4.608631284268586,,4099.3,,3.45649582836709,4.608631284268586,3.3512866546977715,-1.0440979362624572,,0.16419351632279233,,Stagflation
2000-10-01,173.9,3.578404104449832,,3570.61,,3.4503271861986873,3.578404104449832,3.45649582836709,4.608631284268586,,-0.12897079989266458,,Inflation
2000-11-01,174.2,2.100452784332371,,3225.27,,3.444180522565321,2.100452784332371,3.4503271861986873,3.578404104449832,,-0.09671736762065875,,Inflation
2000-12-01,174.6,-1.6678850040280713,,2549.74,,3.4360189573459543,-1.6678850040280713,3.444180522565321,2.100452784332371,,-0.20944913139055032,,Inflation
2001-01-01,175.6,-3.3836677376769355,,2341.7,,3.7212049616065945,-3.3836677376769355,3.4360189573459543,-1.6678850040280713,,-0.0815926329743425,,Stagflation
2001-02-01,176.0,-1.4932221126215923,,2607.16,,3.529411764705892,-1.4932221126215923,3.7212049616065945,-3.3836677376769355,,0.1133620873724217,,Stagflation
2001-03-01,176.1,2.538692716402687,,1968.02,,2.9824561403508643,2.538692716402687,3.529411764705892,-1.4932221126215923,,-0.24514797710919156,,Stagflation
2001-04-01,176.4,4.087385031798866,,1573.25,,3.2182562902282053,4.087385031798866,2.9824561403508643,2.538692716402687,,-0.200592473653723,,Inflation
2001-05-01,177.3,3.933022185835839,,1919.01,,3.5630841121495394,3.933022185835839,3.2182562902282053,4.087385031798866,,0.2197743524551088,,Inflation
2001-06-01,177.7,-1.293577148364732,,1840.83,,3.193960511033689,-1.293577148364732,3.5630841121495394,3.933022185835839,,-0.040739756436912855,,Inflation
2001-07-01,177.4,-3.2643045864809848,,1830.19,,2.7214823393167498,-3.2643045864809848,3.193960511033689,-1.293577148364732,,-0.00578000141240631,,Stagflation
2001-08-01,177.4,-1.9439692384073233,,1729.53,,2.7214823393167498,-1.9439692384073233,2.7214823393167498,-3.2643045864809848,,-0.0549997541238888,,Stagflation
2001-09-01,178.1,-2.122561886372779,,1469.7,,2.5921658986175045,-2.122561886372779,2.7214823393167498,-1.9439692384073233,,-0.15023156580111352,,Stagflation
2001-10-01,177.6,2.825004442465358,,1151.24,,2.127659574468077,2.825004442465358,2.5921658986175045,-2.122561886372779,,-0.21668367694087232,,Stagflation
2001-11-01,177.5,2.14456269285267,,1424.15,,1.894374282433997,2.14456269285267,2.127659574468077,2.825004442465358,,0.2370574337236373,,Inflation
2001-12-01,177.4,3.3139239525465904,,1596.05,,1.603665521191311,3.3139239525465904,1.894374282433997,2.14456269285267,,0.1207035775725871,,Goldilocks
2002-01-01,177.7,4.051980677703977,,1596.05,,1.1958997722095743,4.051980677703977,1.603665521191311,3.3139239525465904,,0.0,,Goldilocks
2002-02-01,178.0,3.5613279089841146,,1528.15,,1.1363636363636465,3.5613279089841146,1.1958997722095743,4.051980677703977,,-0.042542526863193375,,Goldilocks
2002-03-01,178.5,1.9298819296245568,,1435.41,,1.3628620102214661,1.9298819296245568,1.1363636363636465,3.5613279089841146,,-0.060687759709452616,,Goldilocks
2002-04-01,179.3,2.6878949387460898,,1478.5,,1.643990929705219,2.6878949387460898,1.3628620102214661,1.9298819296245568,,0.03001929762228217,,Deflation
2002-05-01,179.5,1.9360496850551991,,1267.43,,1.2408347433727984,1.9360496850551991,1.643990929705219,2.6878949387460898,,-0.14275955360162318,,Goldilocks
2002-06-01,179.6,2.617555516687293,,1208.36,,1.0692177827799743,2.617555516687293,1.2408347433727984,1.9360496850551991,,-0.046606124204098154,,Deflation
2002-07-01,180.0,1.3909166206331627,,998.17,,1.465614430665152,1.3909166206331627,1.0692177827799743,2.617555516687293,,-0.1739465060081432,,Goldilocks
2002-08-01,180.5,1.693812267580738,,913.59,,1.747463359639223,1.693812267580738,1.465614430665152,1.3909166206331627,,-0.08473506516925966,,Deflation
2002-09-01,180.8,-0.12302105268904606,,942.38,,1.516002245929271,-0.12302105268904606,1.747463359639223,1.693812267580738,,0.031513041955362864,,Deflation
2002-10-01,181.2,-0.397469465758018,,870.63,,2.0270270270270174,-0.397469465758018,1.516002245929271,-0.12302105268904606,,-0.07613701479233426,,Deflation
2002-11-01,181.5,1.98346703814331,,1019.06,,2.2535211267605604,1.98346703814331,2.0270270270270174,-0.397469465758018,,0.17048574021111151,,Stagflation
2002-12-01,181.8,0.23787294923085467,,1116.1,,2.4802705749718212,0.23787294923085467,2.2535211267605604,1.98346703814331,,0.09522501128490957,,Stagflation
2003-01-01,182.6,3.3664678989318837,,1116.1,,2.757456387169399,3.3664678989318837,2.4802705749718212,0.23787294923085467,,0.0,,Stagflation
2003-02-01,183.6,1.6892049476740774,,983.06,,3.146067415730336,1.6892049476740774,2.757456387169399,3.3664678989318837,,-0.11920078845981541,,Inflation
2003-03-01,183.9,2.957283729537314,,1009.74,,3.025210084033625,2.957283729537314,3.146067415730336,1.6892049476740774,,0.02713974731959401,,Stagflation
2003-04-01,183.2,2.216041423159034,,1022.63,,2.175125488008911,2.216041423159034,3.025210084033625,2.957283729537314,,0.012765662447758785,,Inflation
2003-05-01,182.9,5.2139378709817406,,1113.21,,1.8941504178273005,5.2139378709817406,2.175125488008911,2.216041423159034,,0.08857553562872211,,Inflation
2003-06-01,183.1,7.080414775601005,,1197.89,,1.948775055679297,7.080414775601005,1.8941504178273005,5.2139378709817406,,0.07606830696813716,,Goldilocks
2003-07-01,183.7,7.436449302299544,,1217.37,,2.055555555555544,7.436449302299544,1.948775055679297,7.080414775601005,,0.016261927222031902,,Goldilocks
2003-08-01,184.5,5.73886421976947,,1264.34,,2.216066481994461,5.73886421976947,2.055555555555544,7.436449302299544,,0.03858317520556609,,Inflation
2003-09-01,185.1,6.217151028837188,,1264.34,,2.378318584070782,6.217151028837188,2.216066481994461,5.73886421976947,,0.0,,Inflation
2003-10-01,184.9,4.558927592680087,,1335.34,,2.041942604856528,4.558927592680087,2.378318584070782,6.217151028837188,,0.05615578088172479,,Inflation
2003-11-01,185.0,3.885663380029093,,1416.39,,1.9283746556473913,3.885663380029093,2.041942604856528,4.558927592680087,,0.060696152290802496,,Inflation
2003-12-01,185.5,1.9292192637165155,,1447.08,,2.0352035203520247,1.9292192637165155,1.9283746556473913,3.885663380029093,,0.021667760998030028,,Goldilocks
2004-01-01,186.3,1.1667695653405499,,1447.08,,2.026286966046009,1.1667695653405499,2.0352035203520247,1.9292192637165155,,0.0,,Stagflation
2004-02-01,186.7,2.5058703048621083,,1493.08,,1.688453159041381,2.5058703048621083,2.026286966046009,1.1667695653405499,,0.0317881526937005,,Stagflation
2004-03-01,187.1,4.080946424701098,,1489.49,,1.7400761283306032,4.080946424701098,1.688453159041381,2.5058703048621083,,-0.0024044257507969125,,Goldilocks
2004-04-01,187.4,2.1963812502122426,,1453.22,,2.2925764192139875,2.1963812502122426,1.7400761283306032,4.080946424701098,,-0.024350616654022494,,Goldilocks
2004-05-01,188.2,3.8602762078354216,,1401.36,,2.8977583378895444,3.8602762078354216,2.2925764192139875,2.1963812502122426,,-0.035686269112729097,,Inflation
2004-06-01,188.9,2.8202721776767525,,1468.54,,3.1676679410158393,2.8202721776767525,2.8977583378895444,3.8602762078354216,,0.0479391448307358,,Inflation
2004-07-01,189.1,4.582870087849061,,1489.57,,2.939575394665228,4.582870087849061,3.1676679410158393,2.8202721776767525,,0.014320345377041077,,Inflation
2004-08-01,189.2,3.7342386758076147,,1400.39,,2.5474254742547275,3.7342386758076147,2.939575394665228,4.582870087849061,,-0.059869626805051035,,Inflation
2004-09-01,189.8,3.254396584951587,,1377.96,,2.5391680172879516,3.254396584951587,2.5474254742547275,3.7342386758076147,,-0.01601696670213304,,Inflation
2004-10-01,190.8,4.161921496541695,,1452.94,,3.1909140075716547,4.161921496541695,2.5391680172879516,3.254396584951587,,0.05441377108188927,,Inflation
2004-11-01,191.7,3.7913386488409606,,1488.79,,3.621621621621607,3.7913386488409606,3.1909140075716547,4.161921496541695,,0.024674109047861492,,Inflation
2004-12-01,191.7,6.23893894535731,,1607.15,,3.3423180592991875,6.23893894535731,3.621621621621607,3.7913386488409606,,0.07950080266525172,,Inflation
2005-01-01,191.6,5.106128268296645,,1621.12,,2.8448738593666034,5.106128268296645,3.3423180592991875,6.23893894535731,,0.008692405811529635,,Inflation
2005-02-01,192.4,3.7956649260252737,,1523.66,,3.0530262453133394,3.7956649260252737,2.8448738593666034,5.106128268296645,,-0.06011893012238445,,Inflation
2005-03-01,193.1,0.5275216644466121,,1527.25,,3.2068412613575736,0.5275216644466121,3.0530262453133394,3.7956649260252737,,0.00235616869905364,,Inflation
2005-04-01,193.7,2.111782459531704,,1469.35,,3.3617929562433257,2.111782459531704,3.2068412613575736,0.5275216644466121,,-0.03791127844164355,,Stagflation
2005-05-01,193.6,1.2593115240524355,,1420.79,,2.869287991498415,1.2593115240524355,3.3617929562433257,2.111782459531704,,-0.03304862694388677,,Inflation
2005-06-01,193.7,3.9964666059127874,,1559.5,,2.541026998411855,3.9964666059127874,2.869287991498415,1.2593115240524355,,0.09762878398637387,,Stagflation
2005-07-01,194.9,3.5144430232325465,,1490.53,,3.067160232681121,3.5144430232325465,2.541026998411855,3.9964666059127874,,-0.04422571336966974,,Inflation
2005-08-01,196.1,4.078243788770142,,1610.11,,3.6469344608879517,4.078243788770142,3.067160232681121,3.5144430232325465,,0.0802264966152979,,Inflation
2005-09-01,198.8,0.15407942778088835,,1577.25,,4.741833508956805,0.15407942778088835,3.6469344608879517,4.078243788770142,,-0.02040854351566035,,Inflation
2005-10-01,199.1,1.1321803204993406,,1601.66,,4.350104821802936,1.1321803204993406,4.741833508956805,0.15407942778088835,,0.015476303693136906,,Stagflation
2005-11-01,198.1,3.457967563061177,,1576.52,,3.3385498174230532,3.457967563061177,4.350104821802936,1.1321803204993406,,-0.015696215176754125,,Stagflation
2005-12-01,198.1,5.233872296398699,,1704.28,,3.3385498174230532,5.233872296398699,3.3385498174230532,3.457967563061177,,0.08103925100855047,,Inflation
2006-01-01,199.3,7.290113619964276,,1645.2,,4.018789144050117,7.290113619964276,3.3385498174230532,5.233872296398699,,-0.034665665266270795,,Inflation
2006-02-01,199.4,4.6547191767354406,,1713.02,,3.63825363825363,4.6547191767354406,4.018789144050117,7.290113619964276,,0.041222951616824766,,Inflation
2006-03-01,199.7,3.005287605457106,,1694.58,,3.4179181771103018,3.005287605457106,3.63825363825363,4.6547191767354406,,-0.01076461454040234,,Inflation
2006-04-01,200.7,-0.18099775228595583,,1703.66,,3.613835828600931,-0.18099775228595583,3.4179181771103018,3.005287605457106,,0.005358259863801118,,Inflation
2006-05-01,201.3,-0.16993011075539277,,1686.61,,3.9772727272727293,-0.16993011075539277,3.613835828600931,-0.18099775228595583,,-0.010007865419156547,,Stagflation
2006-06-01,201.8,-0.4609089836735327,,1616.57,,4.1817243159525175,-0.4609089836735327,3.9772727272727293,-0.16993011075539277,,-0.04152708687841289,,Stagflation
2006-07-01,202.9,-0.533077078984542,,1575.23,,4.104669061056954,-0.533077078984542,4.1817243159525175,-0.4609089836735327,,-0.025572663107690907,,Stagflation
2006-08-01,203.8,2.3408441378455596,,1484.94,,3.926568077511483,2.3408441378455596,4.104669061056954,-0.533077078984542,,-0.05731861378973224,,Stagflation
2006-09-01,202.8,3.3845712386819526,,1589.47,,2.012072434607637,3.3845712386819526,3.926568077511483,2.3408441378455596,,0.07039341656901965,,Inflation
2006-10-01,201.9,3.85633625227055,,1654.13,,1.4063284781516971,3.85633625227055,2.012072434607637,3.3845712386819526,,0.04068022674224747,,Inflation
2006-11-01,202.0,3.4492081705583852,,1707.65,,1.9687026754164672,3.4492081705583852,1.4063284781516971,3.85633625227055,,0.032355377146898956,,Goldilocks
2006-12-01,203.1,3.2463017248500936,,1775.12,,2.5239777889954462,3.2463017248500936,1.9687026754164672,3.4492081705583852,,0.039510438321670005,,Goldilocks
2007-01-01,203.437,-1.316634574645347,,1775.12,,2.075765178123423,-1.316634574645347,2.5239777889954462,3.2463017248500936,,0.0,,Inflation
2007-02-01,204.226,1.0193405096913863,,1791.45,,2.420260782347028,1.0193405096913863,2.075765178123423,-1.316634574645347,,0.009199378070215092,,Stagflation
2007-03-01,205.288,2.778013989876619,,1753.45,,2.798197295943927,2.778013989876619,2.420260782347028,1.0193405096913863,,-0.02121186748164894,,Stagflation
2007-04-01,205.904,2.3713232626626284,,1772.36,,2.5929247633283525,2.3713232626626284,2.798197295943927,2.778013989876619,,0.010784453505945368,,Inflation
2007-05-01,206.755,3.0797572811886242,,1873.43,,2.709885742672613,3.0797572811886242,2.5929247633283525,2.3713232626626284,,0.05702566070098625,,Inflation
2007-06-01,207.234,2.102302943938064,,1928.26,,2.692765113974227,2.102302943938064,2.709885742672613,3.0797572811886242,,0.02926717304623061,,Inflation
2007-07-01,207.603,1.2311297940449444,,1934.1,,2.3178905864958077,1.2311297940449444,2.692765113974227,2.102302943938064,,0.0030286372169727738,,Inflation
2007-08-01,207.667,3.041904847557615,,1945.08,,1.897448478900876,3.041904847557615,2.3178905864958077,1.2311297940449444,,0.005677059097254578,,Stagflation
2007-09-01,208.547,3.6216694328186705,,1988.73,,2.8338264299802685,3.6216694328186705,1.897448478900876,3.041904847557615,,0.02244123635017581,,Goldilocks
2007-10-01,209.19,3.4364904521725026,,2116.97,,3.610698365527476,3.4364904521725026,2.8338264299802685,3.6216694328186705,,0.06448336375475794,,Inflation
2007-11-01,210.834,2.0104917642357587,,2197.07,,4.373267326732666,2.0104917642357587,3.610698365527476,3.4364904521725026,,0.037837097360850835,,Inflation
2007-12-01,211.445,-2.070791441203437,,2089.1,,4.108813392417532,-2.070791441203437,4.373267326732666,2.0104917642357587,,-0.049142721897800334,,Inflation
2008-01-01,212.174,-3.1843097038914943,,2089.1,,4.294695655165981,-3.1843097038914943,4.108813392417532,-2.070791441203437,,0.0,,Stagflation
2008-02-01,212.687,-2.4084238326587055,,1855.27,,4.142959270611968,-2.4084238326587055,4.294695655165981,-3.1843097038914943,,-0.11192858168589337,,Stagflation
2008-03-01,213.448,1.1019191176622922,,1745.27,,3.9749035501344343,1.1019191176622922,4.142959270611968,-2.4084238326587055,,-0.059290561481617265,,Stagflation
2008-04-01,213.942,4.556720573269651,,1855.48,,3.9037609759888126,4.556720573269651,3.9749035501344343,1.1019191176622922,,0.06314782239997241,,Stagflation
2008-05-01,215.208,3.2815474766681807,,1980.44,,4.088413823123993,3.2815474766681807,3.9037609759888126,4.556720573269651,,0.06734645482570545,,Inflation
2008-06-01,217.463,1.3457357536134917,,2032.57,,4.935966105947864,1.3457357536134917,4.088413823123993,3.2815474766681807,,0.02632243339863871,,Inflation
2008-07-01,219.016,-1.8619210652144362,,1862.71,,5.497512078341837,-1.8619210652144362,4.935966105947864,1.3457357536134917,,-0.08356907757174414,,Stagflation
2008-08-01,218.69,-4.989569400440637,,1826.56,,5.308017162091239,-4.989569400440637,5.497512078341837,-1.8619210652144362,,-0.019407207777915048,,Stagflation
2008-09-01,218.877,-9.368086961330834,,1826.56,,4.953319875136075,-9.368086961330834,5.308017162091239,-4.989569400440637,,0.0,,Stagflation
2008-10-01,216.995,-8.699261263554437,,1563.8,,3.7310578899565128,-8.699261263554437,4.953319875136075,-9.368086961330834,,-0.1438551156271899,,Stagflation
2008-11-01,213.153,-11.08606092810967,,1334.78,,1.0999174706166848,-11.08606092810967,3.7310578899565128,-8.699261263554437,,-0.1464509528072644,,Stagflation
2008-12-01,211.398,-7.674786100127712,,1091.16,,-0.02222800255385904,-7.674786100127712,1.0999174706166848,-11.08606092810967,,-0.18251696908853887,,Deflation
2009-01-01,211.933,-4.302269212677904,,1091.16,,-0.11358601902212717,-4.302269212677904,-0.02222800255385904,-7.674786100127712,,0.0,,Deflation
2009-02-01,212.705,0.28724609246605626,,1180.25,,0.008463140671510772,0.28724609246605626,-0.11358601902212717,-4.302269212677904,,0.08164705451079568,,Deflation
2009-03-01,212.495,-2.3236495598707956,,1116.99,,-0.4464787676623838,-2.3236495598707956,0.008463140671510772,0.28724609246605626,,-0.05359881381063336,,Deflation
2009-04-01,212.709,-0.5031185623851027,,1252.51,,-0.5763244243767063,-0.5031185623851027,-0.4464787676623838,-2.3236495598707956,,0.12132606379645305,,Deflation
2009-05-01,213.022,-0.202362928465738,,1396.62,,-1.015761495855172,-0.202362928465738,-0.5763244243767063,-0.5031185623851027,,0.1150569656130489,,Deflation
2009-06-01,214.79,-0.1814024483922574,,1477.12,,-1.2291746182109153,-0.1814024483922574,-1.015761495855172,-0.202362928465738,,0.057639157394280494,,Deflation
2009-07-01,214.726,1.4255352645965222,,1481.34,,-1.9587610037622771,1.4255352645965222,-1.2291746182109153,-0.1814024483922574,,0.002856910745234087,,Deflation
2009-08-01,215.445,2.175862311358909,,1603.36,,-1.4838355663267633,2.175862311358909,-1.9587610037622771,1.4255352645965222,,0.08237136646549748,,Deflation
2009-09-01,215.861,4.571762053137947,,1595.84,,-1.377942862886472,4.571762053137947,-1.4838355663267633,2.175862311358909,,-0.004690150683564487,,Goldilocks
2009-10-01,216.509,5.466707827333767,,1666.41,,-0.22396829420033848,5.466707827333767,-1.377942862886472,4.571762053137947,,0.04422122518548233,,Goldilocks
2009-11-01,217.234,4.664183310797283,,1667.13,,1.9145871744709275,4.664183310797283,-0.22396829420033848,5.466707827333767,,0.0004320665382469002,,Goldilocks
2009-12-01,217.347,1.6620559572051907,,1787.71,,2.8141231232083674,1.6620559572051907,1.9145871744709275,4.664183310797283,,0.07232789284578889,,Goldilocks
2010-01-01,217.488,1.1162588734262369,,1787.71,,2.6211113889767157,1.1162588734262369,2.8141231232083674,1.6620559572051907,,0.0,,Stagflation
2010-02-01,217.281,0.8759239664343674,,1760.72,,2.151336357866529,0.8759239664343674,2.6211113889767157,1.1162588734262369,,-0.015097527003820499,,Stagflation
2010-03-01,217.353,4.29879140478367,,1846.4,,2.2861714393279886,4.29879140478367,2.151336357866529,0.8759239664343674,,0.04866191103639417,,Stagflation
2010-04-01,217.403,4.756284722741976,,1959.56,,2.2067707525304403,4.756284722741976,2.2861714393279886,4.29879140478367,,0.061286828422876916,,Inflation
2010-05-01,217.29,3.95820621794374,,2000.63,,2.003548929218568,3.95820621794374,2.2067707525304403,4.756284722741976,,0.020958786666394502,,Inflation
2010-06-01,217.199,3.0172274082288304,,1835.04,,1.1215605940686268,3.0172274082288304,2.003548929218568,3.95820621794374,,-0.08276892778774692,,Inflation
2010-07-01,217.605,2.9111930965020605,,1734.41,,1.3407784804821077,2.9111930965020605,1.1215605940686268,3.0172274082288304,,-0.05483804167756556,,Goldilocks
2010-08-01,217.923,2.869385240160342,,1864.0,,1.1501775395112546,2.869385240160342,1.3407784804821077,2.9111930965020605,,0.07471705075501167,,Goldilocks
2010-09-01,218.275,3.186654944719793,,1820.05,,1.1183122472331775,3.186654944719793,1.1501775395112546,2.869385240160342,,-0.02357832618025757,,Goldilocks
2010-10-01,219.035,2.810270727303398,,1996.6,,1.1666951489314625,2.810270727303398,1.1183122472331775,3.186654944719793,,0.09700282959259354,,Goldilocks
2010-11-01,219.59,1.187601821802684,,2128.42,,1.084544776600338,1.187601821802684,1.1666951489314625,2.810270727303398,,0.06602223780426741,,Goldilocks
2010-12-01,220.472,-1.1938152243878815,,2162.83,,1.437793022217937,-1.1938152243878815,1.084544776600338,1.187601821802684,,0.0161669219420979,,Deflation
2011-01-01,221.187,-3.058873231744065,,2217.86,,1.7007834915029774,-3.058873231744065,1.437793022217937,-1.1938152243878815,,0.025443516133954125,,Deflation
2011-02-01,221.898,-1.4448598753386364,,2324.95,,2.124898173333145,-1.4448598753386364,1.7007834915029774,-3.058873231744065,,0.04828528401251653,,Deflation
2011-03-01,223.046,4.702398448267817,,2315.26,,2.619241510354109,4.702398448267817,2.124898173333145,-1.4448598753386364,,-0.004167831566270097,,Stagflation
2011-04-01,224.093,3.9492563827299856,,2342.92,,3.0772344447868694,3.9492563827299856,2.619241510354109,4.702398448267817,,0.011946822387118416,,Inflation
2011-05-01,224.806,2.3898899678565253,,2404.08,,3.4589718808964998,2.3898899678565253,3.0772344447868694,3.9492563827299856,,0.026104177692793495,,Inflation
2011-06-01,224.806,-0.3087015511646096,,2322.48,,3.5023181506360412,-0.3087015511646096,3.4589718808964998,2.3898899678565253,,-0.03394229809324145,,Inflation
2011-07-01,225.395,-1.8525027206520424,,2361.39,,3.5798809769996165,-1.8525027206520424,3.5023181506360412,-0.3087015511646096,,0.01675364265784851,,Stagflation
2011-08-01,226.106,-0.07470289090851434,,2354.05,,3.75499603070808,-0.07470289090851434,3.5798809769996165,-1.8525027206520424,,-0.003108338732695448,,Stagflation
2011-09-01,226.597,3.131289672666864,,2219.05,,3.812621692818685,3.131289672666864,3.75499603070808,-0.07470289090851434,,-0.05734797476689113,,Stagflation
2011-10-01,226.75,6.437392685204847,,2139.18,,3.5222681306640524,6.437392685204847,3.812621692818685,3.131289672666864,,-0.035992879835965996,,Inflation
2011-11-01,227.169,5.080428724964912,,2298.37,,3.451432214581729,5.080428724964912,3.5222681306640524,6.437392685204847,,0.07441636514926286,,Inflation
2011-12-01,227.223,4.549817914291088,,2309.2,,3.062066838419386,4.549817914291088,3.451432214581729,5.080428724964912,,0.004712035050927321,,Inflation
2012-01-01,227.842,3.273698756092455,,2277.83,,3.0087663379855023,3.273698756092455,3.062066838419386,4.549817914291088,,-0.0135847912697038,,Inflation
2012-02-01,228.329,2.2408879106006863,,2488.18,,2.8981784423473878,2.2408879106006863,3.0087663379855023,3.273698756092455,,0.09234666327162255,,Inflation
2012-03-01,228.807,1.574827536140386,,2643.54,,2.5828752813320977,1.574827536140386,2.8981784423473878,2.2408879106006863,,0.062439212597159344,,Inflation
2012-04-01,229.187,1.930387477472286,,2755.27,,2.2731633741348567,1.930387477472286,2.5828752813320977,1.574827536140386,,0.042265295777631495,,Stagflation
2012-05-01,228.713,1.9474707080784437,,2726.92,,1.7379429374660749,1.9474707080784437,2.2731633741348567,1.930387477472286,,-0.010289372729351376,,Stagflation
2012-06-01,228.524,0.9525654080418686,,2458.83,,1.653870448297634,0.9525654080418686,1.7379429374660749,1.9474707080784437,,-0.09831238173470436,,Deflation
2012-07-01,228.59,0.6944608642887706,,2615.72,,1.4175114798464783,0.6944608642887706,1.653870448297634,0.9525654080418686,,0.06380676988649059,,Deflation
2012-08-01,229.918,-0.21567413268321545,,2635.13,,1.6859349154821235,-0.21567413268321545,1.4175114798464783,0.6944608642887706,,0.007420519015796989,,Deflation
2012-09-01,231.015,-0.30789551371065205,,2772.24,,1.9497168982819613,-0.30789551371065205,1.6859349154821235,-0.21567413268321545,,0.05203158857437762,,Deflation
2012-10-01,231.638,-0.8863328712251648,,2794.28,,2.1556780595369363,-0.8863328712251648,1.9497168982819613,-0.30789551371065205,,0.007950249617637795,,Deflation
2012-11-01,231.249,1.8012283044140838,,2687.52,,1.7960197033926262,1.8012283044140838,2.1556780595369363,-0.8863328712251648,,-0.03820662209943182,,Stagflation
2012-12-01,231.221,4.0482382941876685,,2677.88,,1.7595049796895523,4.0482382941876685,1.7960197033926262,1.8012283044140838,,-0.003586950050604276,,Deflation
2013-01-01,231.679,4.890235994836809,,2677.88,,1.684061762098299,4.890235994836809,1.7595049796895523,4.0482382941876685,,0.0,,Goldilocks
2013-02-01,232.937,5.053147631395216,,2763.96,,2.0181404902574807,5.053147631395216,1.684061762098299,4.890235994836809,,0.032144830985705086,,Goldilocks
2013-03-01,232.282,0.6575452143284148,,2747.75,,1.5187472411246183,0.6575452143284148,2.0181404902574807,5.053147631395216,,-0.0058647737304446945,,Inflation
2013-04-01,231.797,-0.46106354472747935,,2797.07,,1.138808047576867,-0.46106354472747935,1.5187472411246183,0.6575452143284148,,0.017949231189154924,,Deflation
2013-05-01,231.893,1.3377418059635802,,2873.35,,1.3903888279197085,1.3377418059635802,1.138808047576867,-0.46106354472747935,,0.027271394709463825,,Deflation
2013-06-01,232.445,1.9674017959761763,,2981.76,,1.7157935271568725,1.9674017959761763,1.3903888279197085,1.3377418059635802,,0.03772947952738104,,Deflation
2013-07-01,232.9,3.028906036038027,,2927.35,,1.885471805415806,3.028906036038027,1.7157935271568725,1.9674017959761763,,-0.01824761214852988,,Deflation
2013-08-01,233.456,5.401681803360502,,3126.3,,1.538809488600279,5.401681803360502,1.885471805415806,3.028906036038027,,0.06796249167335655,,Goldilocks
2013-09-01,233.544,5.361983516386767,,3073.81,,1.0947341081747997,5.361983516386767,1.538809488600279,5.401681803360502,,-0.016789815436778377,,Goldilocks
2013-10-01,233.669,4.265765238057979,,3253.05,,0.8767991434911471,4.265765238057979,1.0947341081747997,5.361983516386767,,0.05831199716312985,,Goldilocks
2013-11-01,234.1,2.4179998600247736,,3379.76,,1.2328701961954458,2.4179998600247736,0.8767991434911471,4.265765238057979,,0.03895113816264728,,Goldilocks
2013-12-01,234.719,-2.531709119525571,,3487.82,,1.5128383667573297,-2.531709119525571,1.2328701961954458,2.4179998600247736,,0.031972684450966904,,Goldilocks
2014-01-01,235.288,-4.536011054675261,,3487.82,,1.557758795574915,-4.536011054675261,1.5128383667573297,-2.531709119525571,,0.0,,Deflation
2014-02-01,235.547,-0.3501902047281811,,3521.92,,1.1204746347724948,-0.3501902047281811,1.557758795574915,-4.536011054675261,,0.009776880687650147,,Deflation
2014-03-01,236.028,4.523495527938014,,3696.1,,1.6126949139408042,4.523495527938014,1.1204746347724948,-0.3501902047281811,,0.04945597855715067,,Deflation
2014-04-01,236.468,5.986067500546683,,3658.4,,2.015125303606169,5.986067500546683,1.6126949139408042,4.523495527938014,,-0.010199940477800928,,Goldilocks
2014-05-01,236.918,6.664224736146863,,3594.36,,2.166947687079812,6.664224736146863,2.015125303606169,5.986067500546683,,-0.01750492018368688,,Inflation
2014-06-01,237.231,6.2176411626528925,,3736.82,,2.0589816945944195,6.2176411626528925,2.166947687079812,6.664224736146863,,0.0396343159839303,,Inflation
2014-07-01,237.498,5.531815279686448,,3894.33,,1.9742378703305974,5.531815279686448,2.0589816945944195,6.2176411626528925,,0.04215081272311738,,Inflation
2014-08-01,237.46,3.018105598100776,,3879.67,,1.7150983482969062,3.018105598100776,1.9742378703305974,5.531815279686448,,-0.0037644472861827483,,Goldilocks
2014-09-01,237.477,1.7533286634090641,,3879.67,,1.6840509711232077,1.7533286634090641,1.7150983482969062,3.018105598100776,,0.0,,Goldilocks
2014-10-01,237.43,0.9102884784524266,,3984.74,,1.6095417021513292,0.9102884784524266,1.6840509711232077,1.7533286634090641,,0.027082200290230896,,Deflation
2014-11-01,236.983,2.3604687665027626,,4158.21,,1.231524989320798,2.3604687665027626,1.6095417021513292,0.9102884784524266,,0.04353358061002721,,Deflation
2014-12-01,236.252,4.185930058071753,,4287.81,370.0,0.6531213919623191,4.185930058071753,1.231524989320798,2.3604687665027626,,0.031167257064939058,,Goldilocks
2015-01-01,234.747,3.5664743319142307,,4287.81,370.0,-0.22993097820542818,3.5664743319142307,0.6531213919623191,4.185930058071753,,0.0,0.0,Goldilocks
2015-02-01,235.342,3.346186016488408,,4148.43,228.99,-0.08703146293520536,3.346186016488408,-0.22993097820542818,3.5664743319142307,,-0.03250610451489222,-0.38110810810810813,Goldilocks
2015-03-01,235.976,4.150230860755908,2104.5,4440.67,260.24,-0.022031284423873476,4.150230860755908,-0.08703146293520536,3.346186016488408,,0.07044592773651703,0.13646884143412374,Goldilocks
2015-04-01,236.222,2.1782482155004277,2059.69,4311.26,247.87,-0.10403098939391064,2.1782482155004277,-0.022031284423873476,4.150230860755908,-0.02129246851983846,-0.029141998842517003,-0.047533046418690494,Goldilocks
2015-05-01,237.001,1.176295447628922,2108.29,4479.06,233.14,0.03503321824429584,1.176295447628922,-0.10403098939391064,2.1782482155004277,0.02359578383154748,0.03892133622189342,-0.05942631217977168,Goldilocks
2015-06-01,237.657,1.6916325929931613,2111.73,4521.85,223.56,0.1795718097550525,1.6916325929931613,0.03503321824429584,1.176295447628922,0.0016316540893330789,0.00955334378195416,-0.04109118984301274,Deflation
2015-07-01,238.034,2.449647374729409,2077.42,4429.23,259.02,0.22568611104094582,2.449647374729409,0.1795718097550525,1.6916325929931613,-0.016247342226515693,-0.020482767009078362,0.15861513687600626,Deflation
2015-08-01,238.033,0.9683494334683211,2103.84,4588.91,281.53,0.2413037985344868,0.9683494334683211,0.22568611104094582,2.449647374729409,0.01271769791375843,0.036051412999550836,0.0869044861400663,Goldilocks
2015-09-01,237.498,0.5396675131718323,1913.85,4142.63,228.22,0.008842961634170088,0.5396675131718323,0.2413037985344868,0.9683494334683211,-0.09030629705681048,-0.09725185283651228,-0.18935815010833656,Deflation
2015-10-01,237.733,0.27344571546248453,1923.82,4192.96,238.34,0.12761656067050708,0.27344571546248453,0.008842961634170088,0.5396675131718323,0.0052093946756537335,0.012149286805724913,0.04434317763561468,Deflation
2015-11-01,238.017,0.638806951525912,2079.36,4648.83,329.46,0.4363182169185187,0.638806951525912,0.12761656067050708,0.27344571546248453,0.08084955973012042,0.1087227161718689,0.38231098430813115,Deflation
2015-12-01,237.761,2.4917876946589668,2102.63,4716.16,362.68,0.6387247515364791,2.4917876946589668,0.4363182169185187,0.638806951525912,0.011190943367189954,0.01448321405600983,0.10083166393492382,Deflation
2016-01-01,237.652,3.169027976386836,2102.63,4716.16,435.66,1.2375025026943876,3.169027976386836,0.6387247515364791,2.4917876946589668,0.0,0.0,0.20122421969780535,Goldilocks
2016-02-01,237.336,2.494703361581129,1939.38,4286.56,371.33,0.8472775790126619,2.494703361581129,1.2375025026943876,3.169027976386836,-0.07764085930477549,-0.09109105713122534,-0.14766102006151594,Goldilocks
2016-03-01,238.08,0.6866443699649283,1978.35,4333.61,433.08,0.8916160965521946,0.6866443699649283,0.8472775790126619,2.494703361581129,0.02009405067598924,0.010976167369638912,0.16629413190423614,Goldilocks
2016-04-01,238.992,0.8930008458059953,2072.78,4532.08,417.68,1.1726257503534843,0.8930008458059953,0.8916160965521946,0.6866443699649283,0.04773169560492341,0.04579784521449781,-0.03555925002309035,Deflation
2016-05-01,239.557,0.8563884039617244,2065.3,4341.3,456.98,1.0784764621246223,0.8563884039617244,1.1726257503534843,0.8930008458059953,-0.003608680130066877,-0.04209546168646616,0.09409117027389402,Deflation
2016-06-01,240.222,3.2785787170499026,2099.33,4520.07,534.84,1.0792865347959424,3.2785787170499026,1.0784764621246223,0.8563884039617244,0.016477025129520984,0.04117890954322423,0.17037944767823543,Deflation
2016-07-01,240.101,3.4284868798013526,2102.95,4437.44,678.19,0.8683633430518256,3.4284868798013526,1.0792865347959424,3.2785787170499026,0.0017243596766587377,-0.01828069034329116,0.2680240819684392,Goldilocks
2016-08-01,240.545,2.6442455844773276,2170.84,4756.04,605.2,1.0553158595656864,2.6442455844773276,0.8683633430518256,3.4284868798013526,0.03228322118928184,0.07179815389053146,-0.10762470694053294,Goldilocks
2016-09-01,241.176,2.454969323120802,2170.86,4783.94,573.02,1.5486446201652182,2.454969323120802,1.0553158595656864,2.6442455844773276,9.213023530074693e-06,0.005866224842515866,-0.05317250495703907,Goldilocks
2016-10-01,241.741,2.070974907056854,2168.27,4875.7,615.65,1.685924966243646,2.070974907056854,1.5486446201652182,2.454969323120802,-0.001193075555309897,0.019180842569095802,0.07439530906425595,Goldilocks
2016-11-01,242.026,1.720140281468585,2111.72,4766.94,730.7,1.6843334719788938,1.720140281468585,1.685924966243646,2.070974907056854,-0.026080700281791547,-0.022306540599298597,0.18687565987168053,Goldilocks
2016-12-01,242.637,2.7083546261507485,2191.08,4734.1,754.0,2.0507989115119862,2.7083546261507485,1.6843334719788938,1.720140281468585,0.03758073987081634,-0.006889115449323691,0.03188723142192407,Deflation
2017-01-01,243.618,2.0463330284115986,2238.83,4863.62,992.95,2.5103933482571117,2.0463330284115986,2.0507989115119862,2.7083546261507485,0.02179290578162374,0.027358948902642455,0.31690981432360754,Inflation
2017-02-01,244.006,1.3637375250759736,2279.55,5152.69,992.75,2.8103616813294208,1.3637375250759736,2.5103933482571117,2.0463330284115986,0.01818807144803314,0.05943515323976789,-0.0002014200110781461,Inflation
2017-03-01,243.892,1.4652593124047264,2395.96,5390.99,1230.0,2.44119623655914,1.4652593124047264,2.8103616813294208,1.3637375250759736,0.05106709657607844,0.046247688100778506,0.23898262402417525,Stagflation
2017-04-01,244.193,2.6345578043584865,2362.72,5436.23,1092.0,2.176223471915395,2.6345578043584865,2.44119623655914,1.4652593124047264,-0.013873353478355277,0.008391779617472839,-0.1121951219512195,Stagflation
2017-05-01,244.004,2.250125505596393,2388.33,5629.63,1436.5,1.8563431667619756,2.250125505596393,2.176223471915395,2.6345578043584865,0.010839202275343629,0.03557612536629251,0.31547619047619047,Inflation
2017-06-01,244.163,3.3999562017774765,2430.06,5816.51,2419.99,1.640565809959127,3.3999562017774765,1.8563431667619756,2.250125505596393,0.01747245983595236,0.03319578728975081,0.6846432300730942,Goldilocks
2017-07-01,244.243,2.7871378905025352,2423.41,5646.92,2423.63,1.7251073506566073,2.7871378905025352,1.640565809959127,3.3999562017774765,-0.0027365579450713273,-0.02915665923380173,0.0015041384468532648,Goldilocks
2017-08-01,245.183,3.347501369079422,2476.35,5895.17,2732.59,1.92812155729698,3.347501369079422,1.7251073506566073,2.7871378905025352,0.021845251113101094,0.04396201823294832,0.12747820418133138,Goldilocks
2017-09-01,246.435,4.184349139824904,2476.55,5987.9,4947.99,2.1805652303711787,4.184349139824904,1.92812155729698,3.347501369079422,8.07640277020738e-05,0.01572982628151509,0.810732674861578,Goldilocks
2017-10-01,246.626,5.193264899600743,2519.36,5979.3,4394.81,2.020757753132485,5.193264899600743,2.1805652303711787,4.184349139824904,0.01728614403101081,-0.001436229729955274,-0.1117989324958214,Inflation
2017-11-01,247.284,4.6039288336369655,2579.36,6248.65,6783.69,2.172493864295566,4.6039288336369655,2.020757753132485,5.193264899600743,0.023815572208814917,0.04504707908952543,0.5435684364056692,Inflation
2017-12-01,247.805,3.8453534778768264,2642.22,6337.87,10869.84,2.129930719552253,3.8453534778768264,2.172493864295566,4.6039288336369655,0.024370386452453152,0.0142782841093676,0.6023491639505933,Inflation
2018-01-01,248.859,2.5022985300539267,2642.22,6337.87,13480.01,2.151318868063945,2.5022985300539267,2.129930719552253,3.8453534778768264,0.0,0.0,0.2401295695244825,Inflation
2018-02-01,249.529,3.8571730493662972,2821.98,6901.5,9014.23,2.263468931091861,3.8571730493662972,2.151318868063945,2.5022985300539267,0.06803369893498656,0.08893050819912696,-0.3312890717440121,Inflation
2018-03-01,249.577,1.6438626782938115,2677.67,6750.54,10895.92,2.3309497646499366,1.6438626782938115,2.263468931091861,3.8571730493662972,-0.05113785356380984,-0.02187350575961744,0.20874661507416614,Inflation
2018-04-01,250.227,1.7909682359978052,2677.67,6750.54,6816.01,2.4709963021052994,1.7909682359978052,2.3309497646499366,1.6438626782938115,0.0,0.0,-0.37444382851562785,Stagflation
2018-05-01,250.792,1.7452603375790026,2654.8,6681.961,9072.29,2.781921607842497,1.7452603375790026,2.4709963021052994,1.7909682359978052,-0.00854100766711352,-0.010159039128721514,0.3310265096442053,Stagflation
2018-06-01,251.018,3.0509973480552803,2734.62,7083.926,7514.32,2.8075506935940187,3.0509973480552803,2.781921607842497,1.7452603375790026,0.030066295012806776,0.06015674141169036,-0.171728416970798,Stagflation
2018-07-01,251.214,2.863038519719246,2718.37,7040.801,6349.5,2.854124785561929,2.863038519719246,2.8075506935940187,3.0509973480552803,-0.005942324710563107,-0.006087725930507992,-0.15501336115576658,Inflation
2018-08-01,251.663,2.6558153863976006,2813.36,7272.887,7603.99,2.6429238568742575,2.6558153863976006,2.854124785561929,2.863038519719246,0.034943734664523385,0.032963010884698996,0.19757303724702724,Inflation
2018-09-01,252.182,0.6392554879087036,2901.52,7654.55,7191.08,2.332055105808828,0.6392554879087036,2.6429238568742575,2.6558153863976006,0.031336195865441896,0.05247750996268752,-0.05430175473665799,Inflation
2018-10-01,252.772,-0.6002054232842728,2924.59,7645.45,6572.83,2.492032470218053,-0.6002054232842728,2.332055105808828,0.6392554879087036,0.007951004990487842,-0.0011888353985538558,-0.08597456849318874,Stagflation
2018-11-01,252.594,0.46944819659182313,2740.37,7069.17,6344.0,2.147328577667773,0.46944819659182313,2.492032470218053,-0.6002054232842728,-0.06299002595235581,-0.07537555016382291,-0.03481453194438311,Stagflation
2018-12-01,252.767,2.01941996152888,2760.17,6949.01,4142.01,2.0023809043401064,2.01941996152888,2.147328577667773,0.46944819659182313,0.007225301692837194,-0.016997752211362793,-0.34709804539722566,Stagflation
2019-01-01,252.561,3.0370584598781223,2760.17,6949.01,3826.1,1.4875893578291333,3.0370584598781223,2.0023809043401064,2.01941996152888,0.0,0.0,-0.0762697337765964,Inflation
2019-02-01,253.319,2.802785084287596,2706.53,6875.52,3437.5,1.5188615351321877,2.802785084287596,1.4875893578291333,3.0370584598781223,-0.01943358561248032,-0.010575607172820245,-0.10156556284467211,Goldilocks
2019-03-01,254.277,3.168714974014969,2803.69,7151.57,3806.17,1.8831863513063984,3.168714974014969,1.5188615351321877,2.802785084287596,0.035898364326277576,0.040149690496136925,0.10724945454545454,Goldilocks
2019-04-01,255.233,2.3240498193897783,2867.19,7478.42,4137.0,2.000583470209061,2.3240498193897783,1.8831863513063984,3.168714974014969,0.02264872364633752,0.045703251174217696,0.08691939666383797,Goldilocks
2019-05-01,255.296,4.3344266511240175,2923.73,7751.85,5321.15,1.7959105553606136,4.3344266511240175,2.000583470209061,2.3240498193897783,0.019719655830272798,0.03656253593673542,0.2862339859801788,Inflation
2019-06-01,255.213,5.170775309235321,2752.06,7127.96,8558.01,1.671194894390049,5.170775309235321,1.7959105553606136,4.3344266511240175,-0.058716092115209007,-0.0804827234789115,0.608300837225036,Goldilocks
2019-07-01,255.802,5.115743182000179,2964.33,7768.14,10570.62,1.826331335037068,5.115743182000179,1.671194894390049,5.170775309235321,0.0771313125440578,0.08981251297706505,0.23517266280361904,Goldilocks
2019-08-01,256.036,5.056573127811621,2953.56,7801.15,10417.24,1.7376412106666406,5.056573127811621,1.826331335037068,5.115743182000179,-0.0036331987329345505,0.004249408481309391,-0.014510028740036152,Goldilocks
2019-09-01,256.43,1.731047992924755,2926.46,7691.0,9769.64,1.6844977040391562,1.731047992924755,1.7376412106666406,5.056573127811621,-0.009175368030444608,-0.014119713119219557,-0.062166178373542325,Goldilocks
2019-10-01,257.155,1.0073733309844655,2940.25,7684.14,8323.43,1.7339736996186295,1.0073733309844655,1.6844977040391562,1.731047992924755,0.004712177853105848,-0.0008919516317773546,-0.14803104310906023,Deflation
2019-11-01,257.879,4.007489586317361,3066.91,8161.17,9268.0,2.092290394862917,4.007489586317361,1.7339736996186295,1.0073733309844655,0.043077969560411544,0.062079816348999284,0.11348326351035576,Deflation
2019-12-01,258.63,4.904086699113217,3140.98,8403.68,7413.84,2.3195274699624457,4.904086699113217,2.092290394862917,4.007489586317361,0.024151344512881145,0.029715102123837767,-0.20006042296072502,Inflation
2020-01-01,259.127,1.299851166487006,3140.98,8403.68,7174.32,2.599767976845202,1.299851166487006,2.3195274699624457,4.904086699113217,0.0,0.0,-0.03230714447573735,Inflation
2020-02-01,259.25,-12.10694636508536,3225.52,8991.51,9375.06,2.3413166797595197,-12.10694636508536,2.599767976845202,1.299851166487006,0.026915166604053464,0.06994911752946331,0.30675241695380184,Stagflation
2020-03-01,258.076,-43.97985397736528,2954.22,8461.83,8490.3,1.4940399642909163,-43.97985397736528,2.3413166797595197,-12.10694636508536,-0.08411046900964814,-0.05890890406616911,-0.09437379600770557,Stagflation
2020-04-01,256.032,-72.4583782559919,2470.5,7486.29,6719.39,0.3130472940411133,-72.4583782559919,1.4940399642909163,-43.97985397736528,-0.16373865182687808,-0.1152871187438178,-0.20858037996301648,Deflation
2020-05-01,255.802,-6.78924764408845,2830.71,8718.18,8813.9,0.1982013035848551,-6.78924764408845,0.3130472940411133,-72.4583782559919,0.1458044930176079,0.16455280252301208,0.31171133093926673,Deflation
2020-06-01,257.042,34.410360130419306,3055.73,9598.89,10212.38,0.7166562831830481,34.410360130419306,0.1982013035848551,-6.78924764408845,0.07949242416213598,0.10101993764753647,0.1586675591962694,Deflation
2020-07-01,258.352,44.98722345474292,3115.86,10279.25,9239.09,0.9968647625897997,44.98722345474292,0.7166562831830481,34.410360130419306,0.019677785668236414,0.07087902872102925,-0.0953049142315503,Goldilocks
2020-08-01,259.316,31.99885945423539,3271.12,10905.88,11805.82,1.2810698495523853,31.99885945423539,0.9968647625897997,44.98722345474292,0.049828939682784235,0.060960673200865845,0.2778119923066016,Goldilocks
2020-09-01,259.997,10.409706638402474,3526.65,12292.86,11911.74,1.3910228912373812,10.409706638402474,1.2810698495523853,31.99885945423539,0.07811697522561079,0.12717726584191302,0.008971846089471214,Goldilocks
2020-10-01,260.319,-2.8655388587864694,3380.8,11583.2,10598.64,1.2303863428671624,-2.8655388587864694,1.3910228912373812,10.409706638402474,-0.04135652814994395,-0.05772944619885034,-0.11023578419273761,Goldilocks
2020-11-01,260.911,-4.475077678001825,3269.96,11052.95,13784.52,1.1757452138405844,-4.475077678001825,1.2303863428671624,-2.8655388587864694,-0.032785139611926195,-0.04577750535257963,0.30059328366658367,Deflation
2020-12-01,262.045,3.5686770177805442,3662.45,12455.33,18763.35,1.3204191315779434,3.5686770177805442,1.1757452138405844,-4.475077678001825,0.12002899118032029,0.12687834469530745,0.3611899435018411,Deflation
2021-01-01,262.639,9.002751364658629,3662.45,12455.33,29391.09,1.3553199782346148,9.002751364658629,1.3204191315779434,3.5686770177805442,0.0,0.0,0.5664095164243059,Goldilocks
2021-02-01,263.573,3.571669730929673,3773.86,13248.9,33457.6,1.667502410800381,3.571669730929673,1.3553199782346148,9.002751364658629,0.03041952791164393,0.06371328579812818,0.1383585977927324,Goldilocks
2021-03-01,264.847,12.535099471621312,3901.82,13282.95,49652.19,2.623645747764214,12.535099471621312,1.667502410800381,3.571669730929673,0.03390692818493535,0.002570024681294303,0.4840332241404046,Goldilocks
2021-04-01,266.625,6.006955274829311,4019.87,13329.51,58768.84,4.137373453318349,6.006955274829311,2.623645747764214,12.535099471621312,0.03025511171709616,0.0035052454462298765,0.18361022947829686,Inflation
2021-05-01,268.404,3.422147370102534,4181.17,13860.76,57868.94,4.9264665639830785,3.422147370102534,4.137373453318349,6.006955274829311,0.04012567570593073,0.03985517847242703,-0.015312536371315022,Inflation
2021-06-01,270.71,2.5710375436602777,4202.04,13654.59,36764.58,5.317418943207719,2.5710375436602777,4.9264665639830785,3.422147370102534,0.004991425844919073,-0.014874364753447833,-0.3646923548279958,Inflation
2021-07-01,271.965,2.6899608171291014,4319.94,14560.05,33538.49,5.269167647240969,2.6899608171291014,5.317418943207719,2.5710375436602777,0.02805780049690143,0.06631176769130365,-0.08774994845582362,Inflation
2021-08-01,272.752,3.6419641537140195,4395.26,14959.9,39816.76,5.181323173271246,3.6419641537140195,5.269167647240969,2.6899608171291014,0.017435427343898358,0.0274621309679568,0.18719596499425006,Inflation
2021-09-01,273.942,6.6516982433313085,4524.09,15611.57,48889.19,5.363523425270289,6.6516982433313085,5.181323173271246,3.6419641537140195,0.029311121526371497,0.04356112006096291,0.22785455170134394,Inflation
2021-10-01,276.528,10.669879621024924,4357.04,14791.87,48145.34,6.226591220771449,10.669879621024924,5.363523425270289,6.6516982433313085,-0.03692455278299067,-0.05250592989686487,-0.015215019925672868,Inflation
2021-11-01,278.824,7.587102558976417,4613.67,15905.28,60950.0,6.865559520296194,7.587102558976417,6.226591220771449,10.669879621024924,0.058900078952683455,0.07527175401081809,0.26595844997667495,Inflation
2021-12-01,280.806,0.211680741148069,4513.04,15877.72,57228.47,7.159457345112474,0.211680741148069,6.865559520296194,7.587102558976417,-0.0218112695533057,-0.0017327579269275084,-0.06105873666940109,Inflation
2022-01-01,282.542,-4.36450425834198,4766.18,16320.08,47748.83,7.578082463000535,-4.36450425834198,7.159457345112474,0.211680741148069,0.05609079467498623,0.027860423284955305,-0.1656455257322098,Stagflation
2022-02-01,284.525,-2.3456944652267975,4546.54,15019.68,38745.11,7.949220898953979,-2.3456944652267975,7.578082463000535,-4.36450425834198,-0.046083026658665927,-0.07968098195597073,-0.18856420146839203,Stagflation
2022-03-01,287.467,0.5003759562762089,4306.26,14005.99,44412.2,8.540780148538584,0.5003759562762089,7.949220898953979,-2.3456944652267975,-0.052848979663656315,-0.06749078542285858,0.14626594168915763,Stagflation
2022-04-01,288.582,0.4486846493210517,4545.86,14861.21,46222.43,8.235161744022502,0.4486846493210517,8.540780148538584,0.5003759562762089,0.05563992884777025,0.06106101746467041,0.04075974619586509,Stagflation
2022-05-01,291.299,0.5292391202205362,4131.93,12854.8,38496.42,8.530051713089225,0.5292391202205362,8.235161744022502,0.4486846493210517,-0.09105647776218351,-0.13500986797171965,-0.16714850344302545,Stagflation
2022-06-01,295.072,1.4541532185123516,4101.23,12548.36,29779.16,8.999298141923106,1.4541532185123516,8.530051713089225,0.5292391202205362,-0.007429941939965268,-0.023838566138718487,-0.2264433939571523,Stagflation
2022-07-01,294.94,2.9164630614945524,3825.33,11585.68,19270.3,8.447778206754553,2.9164630614945524,8.999298141923106,1.4541532185123516,-0.06727250117647621,-0.07671759496858555,-0.35289309705176375,Stagflation
2022-08-01,295.162,3.7949700103016997,4118.63,12940.78,23250.19,8.216255059541266,3.7949700103016997,8.447778206754553,2.9164630614945524,0.07667312362593548,0.11696335476208564,0.20652973747165326,Inflation
2022-09-01,296.421,4.383630598897366,3966.85,12274.62,20112.51,8.205751582451759,4.383630598897366,8.216255059541266,3.7949700103016997,-0.03685206002967012,-0.05147757708577072,-0.13495287565391945,Inflation
2022-10-01,297.979,4.090769290385699,3585.62,10971.22,19308.76,7.757261470809462,4.090769290385699,8.205751582451759,4.383630598897366,-0.09610396158160761,-0.10618658663160252,-0.039962689888034864,Inflation
2022-11-01,298.708,1.656627285876662,3856.1,11288.95,20479.49,7.131380368978291,1.656627285876662,7.757261470809462,4.090769290385699,0.07543465286338202,0.02896031617267747,0.060632065445942906,Inflation
2022-12-01,298.808,1.535357978078258,4076.57,12041.89,16980.55,6.410831677385809,1.535357978078258,7.131380368978291,1.656627285876662,0.057174347138300385,0.06669707988785478,-0.17085093427619547,Stagflation
2023-01-01,300.456,4.954595541147393,3839.5,10939.76,16615.18,6.340296309929161,4.954595541147393,6.410831677385809,1.535357978078258,-0.05815428166326109,-0.09152466930025094,-0.021516970887279774,Stagflation
2023-02-01,301.476,2.1197339491420326,4119.21,12363.1,23740.02,5.957648712766894,2.1197339491420326,6.340296309929161,4.954595541147393,0.07285063159265537,0.1301070590214044,0.42881509559330677,Inflation
2023-03-01,301.643,0.9849100227157583,3951.39,11938.57,23634.46,4.931348641757127,0.9849100227157583,5.957648712766894,2.1197339491420326,-0.040740821662406224,-0.03433847497795861,-0.004446500045071633,Inflation
2023-04-01,302.858,2.826974326586581,4109.31,13181.35,28471.82,4.946947488062325,2.826974326586581,4.931348641757127,0.9849100227157583,0.03996568296219816,0.10409789447144857,0.20467402259243506,Stagflation
2023-05-01,303.316,2.9090854151960843,4167.87,13231.47,28056.44,4.125314539356473,2.9090854151960843,4.946947488062325,2.826974326586581,0.014250567613540932,0.003802341945248422,-0.014589162196164573,Inflation
2023-06-01,304.099,3.3991132802784096,4221.02,14441.51,26837.1,3.0592533347792994,3.3991132802784096,4.125314539356473,2.9090854151960843,0.012752317130812818,0.09145166787968395,-0.04346025368863615,Inflation
2023-07-01,304.615,4.860786147615504,4450.38,15179.21,30585.0,3.28032820234625,4.860786147615504,3.0592533347792994,3.3991132802784096,0.054337577173289686,0.05108191594923239,0.13965368836424208,Inflation
2023-08-01,306.138,4.837714128746611,4576.73,15718.01,29728.88,3.7186358677607556,4.837714128746611,3.28032820234625,4.860786147615504,0.028390834041137847,0.035495918430537676,-0.0279914991008664,Inflation
2023-09-01,307.374,4.402177319034065,4515.77,15490.86,25802.02,3.6950823322234427,4.402177319034065,3.7186358677607556,4.837714128746611,-0.013319553480323099,-0.014451574976730441,-0.13208906625476646,Inflation
2023-10-01,307.653,2.33669010286883,4288.05,14715.24,27994.89,3.2465375076767167,2.33669010286883,3.6950823322234427,4.402177319034065,-0.0504277232897159,-0.0500695248682127,0.08498830711703964,Inflation
2023-11-01,308.087,2.97497164577691,4237.86,14664.91,35469.43,3.139855644977696,2.97497164577691,3.2465375076767167,2.33669010286883,-0.011704620981565217,-0.0034202636178546353,0.2669965840194408,Inflation
2023-12-01,308.735,1.6839741984787227,4594.63,15997.58,38714.0,3.322200208829762,1.6839741984787227,3.139855644977696,2.97497164577691,0.08418635820909626,0.09087474795276607,0.09147510969305106,Inflation
2024-01-01,309.794,-0.5087109509554684,4594.63,15997.58,44229.57,3.1079425939238847,-0.5087109509554684,3.322200208829762,1.6839741984787227,0.0,0.0,0.1424696492225035,Stagflation
2024-02-01,311.022,3.7047661776526115,4906.19,17344.71,43090.14,3.16642120765831,3.7047661776526115,3.1079425939238847,-0.5087109509554684,0.0678095951142963,0.08420836151467914,-0.025761724565714794,Stagflation
2024-03-01,312.107,2.310114044083431,5137.08,18302.91,62468.47,3.4690014354717524,2.310114044083431,3.16642120765831,3.7047661776526115,0.04706095768814511,0.05524450970930039,0.4497161067473905,Inflation
2024-04-01,313.016,2.5651612942897275,5243.77,18293.2,69702.13,3.3540471111874304,2.5651612942897275,3.4690014354717524,2.310114044083431,0.020768607847259535,-0.0005305167320387438,0.11579697725908766,Inflation
2024-05-01,313.14,3.7046296981321847,5018.39,17318.55,58278.09,3.238866396761142,3.7046296981321847,3.3540471111874304,2.5651612942897275,-0.042980527368667976,-0.05327936063673944,-0.16389800426471912,Inflation
2024-06-01,313.131,3.081811176391948,5277.51,18536.65,67719.96,2.9700853998204435,3.081811176391948,3.238866396761142,3.7046296981321847,0.05163408981765061,0.07033498762887214,0.16201406051571032,Inflation
2024-07-01,313.566,2.980152579333766,5475.09,19812.22,62870.34,2.9384633061405374,2.980152579333766,2.9700853998204435,3.081811176391948,0.037438110017792514,0.0688134047953648,-0.07161285978314236,Inflation
2024-08-01,314.131,3.059331918954226,5446.68,18890.39,65342.4,2.6109140322338353,3.059331918954226,2.9384633061405374,2.980152579333766,-0.005188955797986838,-0.04652835472248951,0.039319971865906966,Inflation
2024-09-01,314.851,2.313545471267199,5648.4,19574.64,57347.49,2.432541464144644,2.313545471267199,2.6109140322338353,3.059331918954226,0.03703540505408798,0.036222121406704666,-0.12235409167707345,Inflation
2024-10-01,315.564,1.1604242391848967,5708.75,19773.3,60631.37,2.5714034967967203,1.1604242391848967,2.432541464144644,2.313545471267199,0.010684441611783946,0.010148845649268656,0.05726283748425609,Inflation
2024-11-01,316.449,2.811455355127073,5728.8,20033.14,69358.94,2.7141684004842848,2.811455355127073,2.5714034967967203,1.1604242391848967,0.0035121523976351376,0.013140952698841302,0.14394479293474638,Stagflation
2024-12-01,317.603,3.2455834368974594,6032.38,20930.37,95862.89,2.872366268806581,3.2455834368974594,2.7141684004842848,2.811455355127073,0.05299190057254566,0.04478728746467109,0.3821273796860216,Inflation
2025-01-01,319.086,3.2455834368974594,6032.38,20930.37,96903.19,2.999412512831112,3.2455834368974594,2.872366268806581,3.2455834368974594,0.0,0.0,0.010851957415429547,Inflation
